{"stats":{"minecraft:picked_up":{"zombie_extreme:syringe_drug":1,"minecraft:elytra":2,"minecraft:firework_rocket":64,"minecraft:rotten_flesh":5,"tacz:modern_kinetic_gun":3,"travelersbackpack:chicken":1,"spore:mutated_fiber":4},"minecraft:killed":{"spore:inf_pillager":1,"spore:inf_villager":4,"minecraft:guardian":3,"minecraft:zombie":42,"spore:inf_human":94,"spore:inf_player":3,"spore:inf_drowned":1,"spore:inf_husk":3,"minecraft:phantom":14},"minecraft:dropped":{"zombie_extreme:swat_suit_leggings":1,"zombie_extreme:swat_suit_helmet":1,"zombie_extreme:swat_suit_chestplate":1,"zombie_extreme:swat_suit_boots":1,"tacz:modern_kinetic_gun":4,"tacz:ammo":60,"minecraft:enchanted_golden_apple":192,"minecraft:elytra":3,"minecraft:firework_rocket":128},"minecraft:killed_by":{"minecraft:zombie":1},"minecraft:custom":{"minecraft:time_since_rest":64490,"minecraft:sprint_one_cm":38156,"minecraft:open_enderchest":4,"minecraft:damage_taken":255,"minecraft:walk_one_cm":90363,"minecraft:mob_kills":166,"minecraft:drop":139,"minecraft:damage_dealt":49,"minecraft:swim_one_cm":3007,"minecraft:fly_one_cm":721945,"minecraft:player_kills":2,"minecraft:open_chest":21,"minecraft:crouch_one_cm":125,"minecraft:play_time":65103,"minecraft:deaths":1,"minecraft:sneak_time":857,"minecraft:walk_under_water_one_cm":5644,"minecraft:aviate_one_cm":2879,"minecraft:jump":121,"minecraft:damage_dealt_resisted":1205,"minecraft:leave_game":2,"minecraft:walk_on_water_one_cm":2114,"minecraft:time_since_death":64430,"minecraft:climb_one_cm":3027,"minecraft:total_world_time":65103},"minecraft:used":{"spore:infected_human_spawnegg":10,"minecraft:firework_rocket":3,"minecraft:elytra":1,"minecraft:chest":1,"minecraft:ender_chest":1,"minecraft:torch":24,"minecraft:enchanted_golden_apple":2,"minecraft:milk_bucket":1}},"DataVersion":3465}