{"stats":{"minecraft:custom":{"minecraft:time_since_rest":29761,"minecraft:sprint_one_cm":61918,"minecraft:damage_taken":50,"minecraft:walk_one_cm":55278,"minecraft:mob_kills":8,"minecraft:drop":46,"minecraft:damage_dealt":1981,"minecraft:interact_with_crafting_table":1,"minecraft:fly_one_cm":248442,"minecraft:open_chest":1,"minecraft:crouch_one_cm":137,"minecraft:play_time":29761,"minecraft:sneak_time":378,"minecraft:walk_under_water_one_cm":3208,"minecraft:jump":106,"minecraft:leave_game":1,"minecraft:walk_on_water_one_cm":243,"minecraft:time_since_death":29761,"minecraft:total_world_time":29761,"minecraft:climb_one_cm":8173,"minecraft:fall_one_cm":756},"minecraft:dropped":{"lrarmor:dea_helmet":3,"minecraft:bread":9,"minecraft:potato":9,"lrarmor:dea_armed_chestplate":3,"zombie_extreme:dog_food":2,"zombie_extreme:m_9_knife":2,"minecraft:bowl":2,"minecraft:light_blue_carpet":1,"minecraft:enchanted_golden_apple":64,"minecraft:oak_planks":1,"tacz:modern_kinetic_gun":3,"tacz:ammo":720,"minecraft:arrow":1,"zombie_extreme:crowbar":2,"lrarmor:dea_armed_helmet":3,"minecraft:string":1,"lrarmor:dea_armed_boots":3,"minecraft:coal":1,"zombie_extreme:rotten_apple":2},"minecraft:killed":{"minecraft:skeleton":1,"minecraft:zombie":3,"minecraft:creeper":1},"minecraft:picked_up":{"zombie_extreme:cleaver":1,"zombie_extreme:m_9_knife":2,"lrarmor:dea_armed_helmet":2,"minecraft:bowl":2,"minecraft:potato":9,"zombie_extreme:dog_food":2,"lrarmor:dea_armed_chestplate":2,"zombie_extreme:crowbar":2,"minecraft:string":1,"minecraft:arrow":1,"minecraft:stone_sword":1,"minecraft:bone":5,"minecraft:rotten_flesh":4,"minecraft:stone_shovel":1,"minecraft:stone_axe":1,"tacz:modern_kinetic_gun":2,"minecraft:light_blue_carpet":1,"lrarmor:dea_armed_boots":2,"zombie_extreme:rotten_apple":2,"minecraft:stone_pickaxe":1,"minecraft:bread":9,"lrarmor:dea_helmet":2,"minecraft:oak_planks":1,"minecraft:coal":1,"minecraft:egg":1},"minecraft:used":{"minecraft:stone_sword":91,"aether:gravitite_sword":5,"boh:jason_voorhees_spawn_egg":1,"tacz:gun_smith_table":5,"minecraft:zombie_spawn_egg":10,"boh:springtrap_spawn_egg":1,"minecraft:torch":35,"boh:jeff_the_killer_spawn_egg":2,"minecraft:stripped_oak_log":1}},"DataVersion":3465}