{"stats":{"minecraft:dropped":{"tacz:ammo":60,"tacz:modern_kinetic_gun":1},"minecraft:killed_by":{"minecraft:zombie":1},"minecraft:killed":{"minecraft:zombie":6},"minecraft:custom":{"minecraft:jump":12,"minecraft:time_since_rest":5225,"minecraft:damage_dealt":9,"minecraft:deaths":1,"minecraft:sprint_one_cm":8861,"minecraft:play_time":5838,"minecraft:damage_taken":255,"minecraft:time_since_death":5165,"minecraft:walk_one_cm":20321,"minecraft:sneak_time":3,"minecraft:total_world_time":5838,"minecraft:mob_kills":6,"minecraft:drop":61,"minecraft:fly_one_cm":136246}},"DataVersion":3465}