{"stats":{"minecraft:custom":{"minecraft:jump":44,"minecraft:open_chest":1,"minecraft:time_since_rest":5897,"minecraft:damage_dealt":554,"minecraft:leave_game":1,"minecraft:sprint_one_cm":17175,"minecraft:play_time":5897,"minecraft:time_since_death":5897,"minecraft:walk_one_cm":12021,"minecraft:total_world_time":5897,"minecraft:interact_with_crafting_table":1,"minecraft:fly_one_cm":23526},"minecraft:picked_up":{"minecraft:stone_pickaxe":1,"minecraft:stone_sword":1,"minecraft:stone_shovel":1,"minecraft:stone_axe":1},"minecraft:used":{"minecraft:stone_sword":27}},"DataVersion":3465}