{"stats":{"minecraft:picked_up":{"minecraft:rotten_flesh":2,"tacz:modern_kinetic_gun":2,"travelersbackpack:chicken":1},"minecraft:dropped":{"zombie_extreme:swat_suit_helmet":1,"tacz:modern_kinetic_gun":4,"tacz:ammo":60,"minecraft:enchanted_golden_apple":64,"zombie_extreme:swat_suit_chestplate":1,"zombie_extreme:swat_suit_leggings":1,"zombie_extreme:swat_suit_boots":1},"minecraft:killed_by":{"minecraft:zombie":1},"minecraft:used":{"spore:infected_human_spawnegg":10,"minecraft:torch":24,"minecraft:ender_chest":1},"minecraft:killed":{"minecraft:zombie":34,"spore:inf_human":3,"minecraft:phantom":12},"minecraft:custom":{"minecraft:open_chest":4,"minecraft:time_since_rest":29225,"minecraft:crouch_one_cm":51,"minecraft:walk_one_cm":55068,"minecraft:damage_taken":255,"minecraft:play_time":29838,"minecraft:sprint_one_cm":20717,"minecraft:open_enderchest":4,"minecraft:deaths":1,"minecraft:sneak_time":317,"minecraft:mob_kills":49,"minecraft:drop":132,"minecraft:jump":67,"minecraft:damage_dealt":23,"minecraft:walk_on_water_one_cm":279,"minecraft:time_since_death":29165,"minecraft:climb_one_cm":2646,"minecraft:total_world_time":29838,"minecraft:swim_one_cm":2441,"minecraft:fly_one_cm":367666,"minecraft:player_kills":2}},"DataVersion":3465}