{"stats":{"minecraft:custom":{"minecraft:time_since_rest":53761,"minecraft:sprint_one_cm":70553,"minecraft:damage_taken":50,"minecraft:walk_one_cm":64153,"minecraft:mob_kills":12,"minecraft:drop":58,"minecraft:damage_dealt":3062,"minecraft:interact_with_crafting_table":1,"minecraft:player_kills":1,"minecraft:fly_one_cm":843905,"minecraft:open_chest":2,"minecraft:crouch_one_cm":219,"minecraft:play_time":53761,"minecraft:sneak_time":1460,"minecraft:walk_under_water_one_cm":4102,"minecraft:jump":129,"minecraft:leave_game":1,"minecraft:walk_on_water_one_cm":1341,"minecraft:time_since_death":53761,"minecraft:total_world_time":53761,"minecraft:climb_one_cm":9465,"minecraft:fall_one_cm":756},"minecraft:dropped":{"lrarmor:dea_helmet":3,"minecraft:bread":9,"minecraft:potato":9,"lrarmor:dea_armed_chestplate":3,"minecraft:torch":64,"zombie_extreme:dog_food":2,"zombie_extreme:m_9_knife":2,"minecraft:bowl":2,"minecraft:light_blue_carpet":1,"spore:r_elytron":1,"minecraft:enchanted_golden_apple":64,"minecraft:oak_planks":1,"tacz:modern_kinetic_gun":3,"tacz:ammo":720,"minecraft:arrow":1,"zombie_extreme:crowbar":2,"lrarmor:dea_armed_helmet":3,"minecraft:string":1,"minecraft:elytra":5,"lrarmor:dea_armed_boots":3,"minecraft:coal":1,"zombie_extreme:rotten_apple":2,"minecraft:firework_rocket":320},"minecraft:killed":{"minecraft:skeleton":1,"minecraft:zombie":5,"zombie_extreme:infected_police":1,"minecraft:creeper":1},"minecraft:picked_up":{"zombie_extreme:cleaver":1,"zombie_extreme:m_9_knife":2,"lrarmor:dea_armed_helmet":2,"minecraft:bowl":2,"minecraft:potato":9,"zombie_extreme:dog_food":2,"lrarmor:dea_armed_chestplate":2,"zombie_extreme:crowbar":2,"minecraft:string":1,"minecraft:arrow":1,"minecraft:stone_sword":1,"minecraft:bone":5,"minecraft:rotten_flesh":4,"minecraft:stone_shovel":1,"minecraft:stone_bricks":1,"minecraft:stone_axe":1,"tacz:modern_kinetic_gun":2,"minecraft:light_blue_carpet":1,"lrarmor:dea_armed_boots":2,"zombie_extreme:rotten_apple":2,"minecraft:stone_pickaxe":1,"minecraft:bread":9,"lrarmor:dea_helmet":2,"minecraft:oak_planks":1,"minecraft:coal":1,"minecraft:egg":1},"minecraft:used":{"minecraft:stone_sword":97,"aether:gravitite_sword":22,"boh:jason_voorhees_spawn_egg":1,"tacz:gun_smith_table":5,"minecraft:zombie_spawn_egg":10,"boh:springtrap_spawn_egg":1,"minecraft:torch":80,"boh:jeff_the_killer_spawn_egg":2,"minecraft:stripped_oak_log":1}},"DataVersion":3465}