{"stats":{"minecraft:custom":{"minecraft:time_since_rest":17761,"minecraft:sprint_one_cm":33937,"minecraft:damage_taken":50,"minecraft:walk_one_cm":35495,"minecraft:mob_kills":5,"minecraft:drop":18,"minecraft:damage_dealt":1542,"minecraft:interact_with_crafting_table":1,"minecraft:fly_one_cm":38332,"minecraft:open_chest":1,"minecraft:play_time":17761,"minecraft:sneak_time":23,"minecraft:jump":75,"minecraft:leave_game":1,"minecraft:time_since_death":17761,"minecraft:total_world_time":17761,"minecraft:climb_one_cm":1525,"minecraft:fall_one_cm":756},"minecraft:dropped":{"lrarmor:dea_helmet":2,"minecraft:potato":1,"lrarmor:dea_armed_chestplate":2,"zombie_extreme:dog_food":1,"zombie_extreme:m_9_knife":1,"minecraft:bowl":1,"minecraft:oak_planks":1,"tacz:modern_kinetic_gun":2,"tacz:ammo":60,"zombie_extreme:crowbar":1,"lrarmor:dea_armed_helmet":2,"lrarmor:dea_armed_boots":2,"zombie_extreme:rotten_apple":1},"minecraft:killed":{"minecraft:zombie":3},"minecraft:picked_up":{"zombie_extreme:cleaver":1,"zombie_extreme:m_9_knife":1,"lrarmor:dea_armed_helmet":1,"minecraft:bowl":1,"minecraft:potato":1,"zombie_extreme:dog_food":1,"lrarmor:dea_armed_chestplate":1,"zombie_extreme:crowbar":1,"minecraft:stone_sword":1,"minecraft:bone":1,"minecraft:rotten_flesh":4,"minecraft:stone_shovel":1,"minecraft:stone_axe":1,"tacz:modern_kinetic_gun":1,"lrarmor:dea_armed_boots":1,"zombie_extreme:rotten_apple":1,"minecraft:stone_pickaxe":1,"lrarmor:dea_helmet":1,"minecraft:oak_planks":1,"minecraft:egg":1},"minecraft:used":{"minecraft:stone_sword":85,"tacz:gun_smith_table":5,"minecraft:zombie_spawn_egg":10,"minecraft:torch":4}},"DataVersion":3465}