{"stats":{"minecraft:picked_up":{"tacz:modern_kinetic_gun":2,"travelersbackpack:chicken":1},"minecraft:dropped":{"tacz:modern_kinetic_gun":4,"tacz:ammo":60,"minecraft:enchanted_golden_apple":64},"minecraft:killed_by":{"minecraft:zombie":1},"minecraft:used":{"minecraft:torch":2,"minecraft:ender_chest":1},"minecraft:killed":{"minecraft:zombie":28,"minecraft:phantom":8},"minecraft:custom":{"minecraft:open_chest":3,"minecraft:time_since_rest":17225,"minecraft:walk_one_cm":39289,"minecraft:damage_taken":255,"minecraft:play_time":17838,"minecraft:sprint_one_cm":18127,"minecraft:open_enderchest":4,"minecraft:deaths":1,"minecraft:sneak_time":6,"minecraft:mob_kills":36,"minecraft:drop":128,"minecraft:jump":38,"minecraft:damage_dealt":23,"minecraft:time_since_death":17165,"minecraft:climb_one_cm":548,"minecraft:total_world_time":17838,"minecraft:fly_one_cm":155030,"minecraft:player_kills":2}},"DataVersion":3465}