{"stats":{"minecraft:picked_up":{"minecraft:rotten_flesh":5,"tacz:modern_kinetic_gun":2,"travelersbackpack:chicken":1,"spore:mutated_fiber":2,"zombie_extreme:syringe_drug":1},"minecraft:dropped":{"zombie_extreme:swat_suit_helmet":1,"tacz:modern_kinetic_gun":4,"tacz:ammo":60,"minecraft:enchanted_golden_apple":192,"zombie_extreme:swat_suit_chestplate":1,"zombie_extreme:swat_suit_leggings":1,"zombie_extreme:swat_suit_boots":1},"minecraft:killed_by":{"minecraft:zombie":1},"minecraft:used":{"spore:infected_human_spawnegg":10,"minecraft:torch":24,"minecraft:chest":1,"minecraft:ender_chest":1,"minecraft:milk_bucket":1},"minecraft:killed":{"minecraft:zombie":42,"spore:inf_human":6,"spore:inf_husk":1,"spore:inf_villager":1,"minecraft:phantom":13},"minecraft:custom":{"minecraft:open_chest":19,"minecraft:time_since_rest":41225,"minecraft:crouch_one_cm":104,"minecraft:walk_one_cm":66983,"minecraft:damage_taken":255,"minecraft:play_time":41838,"minecraft:sprint_one_cm":24417,"minecraft:open_enderchest":4,"minecraft:deaths":1,"minecraft:sneak_time":396,"minecraft:walk_under_water_one_cm":16,"minecraft:mob_kills":63,"minecraft:drop":134,"minecraft:jump":78,"minecraft:damage_dealt":23,"minecraft:walk_on_water_one_cm":516,"minecraft:time_since_death":41165,"minecraft:climb_one_cm":2646,"minecraft:total_world_time":41838,"minecraft:swim_one_cm":3007,"minecraft:fly_one_cm":474217,"minecraft:player_kills":2}},"DataVersion":3465}