{"stats":{"minecraft:picked_up":{"zombie_extreme:m_9_knife":1,"minecraft:feather":1,"zombie_extreme:syringe_drug":2,"minecraft:pumpkin":2,"minecraft:potato":1,"minecraft:sand":84,"zombie_extreme:swat_suit_helmet":1,"zombie_extreme:baseball_bat":2,"zombie_extreme:swat_suit_chestplate":1,"minecraft:spruce_sapling":1,"minecraft:spruce_log":1,"minecraft:carrot":2,"zombie_extreme:swat_suit_leggings":1,"minecraft:dirt":149,"minecraft:raw_copper":5,"zombie_extreme:chips":1,"tacz:ammo":217,"minecraft:rotten_flesh":76,"tacz:modern_kinetic_gun":3,"spore:mutated_fiber":9,"minecraft:enchanted_golden_apple":128,"zombie_extreme:swat_suit_boots":1,"minecraft:coal":1,"minecraft:snowball":43,"minecraft:cobblestone":8},"minecraft:dropped":{"zombie_extreme:baseball_bat":1,"minecraft:pumpkin":1,"minecraft:enchanted_golden_apple":54,"zombie_extreme:syringe_drug":2},"minecraft:killed_by":{"minecraft:player":2,"minecraft:zombie":6},"minecraft:used":{"zombie_extreme:baseball_bat":53,"minecraft:rotten_flesh":8,"minecraft:carrot":2,"minecraft:snowball":19,"minecraft:enchanted_golden_apple":10},"minecraft:killed":{"spore:inf_pillager":1,"spore:inf_villager":4,"minecraft:guardian":1,"minecraft:zombie":27,"spore:inf_human":103,"minecraft:drowned":1,"zombie_extreme:assasin_black_ops":1,"spore:inf_husk":1,"minecraft:phantom":3},"minecraft:mined":{"minecraft:spruce_log":1,"minecraft:pumpkin":1,"biomeswevegone:blooming_witch_hazel_leaves":1,"biomeswevegone:witch_hazel_leaves":1,"minecraft:spruce_leaves":3},"minecraft:custom":{"minecraft:time_since_rest":25746,"minecraft:damage_absorbed":973,"minecraft:sprint_one_cm":79721,"minecraft:open_enderchest":6,"minecraft:damage_taken":2852,"minecraft:walk_one_cm":169103,"minecraft:mob_kills":144,"minecraft:drop":6,"minecraft:damage_dealt":632,"minecraft:swim_one_cm":2026,"minecraft:player_kills":1,"minecraft:fly_one_cm":101791,"minecraft:open_chest":19,"minecraft:crouch_one_cm":222,"minecraft:play_time":41196,"minecraft:deaths":8,"minecraft:sneak_time":130,"minecraft:walk_under_water_one_cm":7186,"minecraft:damage_dealt_resisted":115,"minecraft:jump":615,"minecraft:walk_on_water_one_cm":21330,"minecraft:time_since_death":25696,"minecraft:total_world_time":41196,"minecraft:climb_one_cm":13707,"minecraft:damage_resisted":378,"minecraft:fall_one_cm":12548}},"DataVersion":3465}