{"stats":{"minecraft:picked_up":{"zombie_extreme:m_9_knife":1,"minecraft:feather":3,"zombie_extreme:syringe_drug":2,"spore:wing_membrane":3,"minecraft:pumpkin":3,"spore:armor_fragment":8,"minecraft:potato":1,"minecraft:brown_concrete":20,"minecraft:sand":84,"zombie_extreme:swat_suit_helmet":2,"zombie_extreme:baseball_bat":2,"zombie_extreme:swat_suit_chestplate":1,"minecraft:spruce_sapling":1,"minecraft:spruce_log":1,"minecraft:carrot":4,"zombie_extreme:swat_suit_leggings":2,"minecraft:dirt":149,"minecraft:raw_copper":5,"zombie_extreme:chips":2,"spore:claw_fragment":2,"minecraft:light_gray_concrete":4,"minecraft:polished_andesite":14,"tacz:ammo":849,"minecraft:rotten_flesh":118,"biomeswevegone:crocus":1,"tacz:modern_kinetic_gun":6,"spore:mutated_fiber":14,"minecraft:enchanted_golden_apple":252,"zombie_extreme:swat_suit_boots":2,"minecraft:coal":1,"minecraft:snowball":43,"minecraft:cobblestone":8},"minecraft:dropped":{"zombie_extreme:baseball_bat":1,"minecraft:pumpkin":1,"minecraft:enchanted_golden_apple":54,"zombie_extreme:syringe_drug":2},"minecraft:killed_by":{"minecraft:player":2,"spore:busser":1,"minecraft:zombie":6,"spore:inf_human":4},"minecraft:used":{"zombie_extreme:swat_suit_leggings":1,"zombie_extreme:swat_suit_boots":1,"zombie_extreme:baseball_bat":53,"minecraft:rotten_flesh":8,"minecraft:carrot":2,"minecraft:snowball":19,"minecraft:enchanted_golden_apple":12},"minecraft:killed":{"spore:inf_pillager":2,"spore:inf_villager":4,"zombie_extreme:crawler":1,"minecraft:guardian":2,"zombie_extreme:goon":1,"minecraft:zombie":36,"spore:inf_human":156,"zombie_extreme:boomer":1,"zombie_extreme:faceless":1,"minecraft:drowned":1,"zombie_extreme:assasin_black_ops":2,"spore:busser":2,"zombie_extreme:parasite":1,"spore:inf_husk":1,"spore:knight":1,"minecraft:creeper":1,"minecraft:phantom":3},"minecraft:mined":{"minecraft:spruce_log":1,"minecraft:pumpkin":1,"biomeswevegone:blooming_witch_hazel_leaves":1,"biomeswevegone:witch_hazel_leaves":2,"minecraft:spruce_leaves":3},"minecraft:custom":{"minecraft:time_since_rest":799,"minecraft:damage_absorbed":1225,"minecraft:sprint_one_cm":93066,"minecraft:open_enderchest":6,"minecraft:damage_taken":4414,"minecraft:walk_one_cm":219919,"minecraft:mob_kills":218,"minecraft:drop":6,"minecraft:damage_dealt":635,"minecraft:swim_one_cm":22863,"minecraft:player_kills":1,"minecraft:fly_one_cm":113271,"minecraft:open_chest":19,"minecraft:crouch_one_cm":222,"minecraft:play_time":50311,"minecraft:deaths":14,"minecraft:sneak_time":130,"minecraft:walk_under_water_one_cm":14067,"minecraft:damage_dealt_resisted":867,"minecraft:jump":731,"minecraft:leave_game":1,"minecraft:walk_on_water_one_cm":27209,"minecraft:time_since_death":747,"minecraft:total_world_time":50311,"minecraft:climb_one_cm":13707,"minecraft:damage_resisted":507,"minecraft:fall_one_cm":14489}},"DataVersion":3465}