{"stats":{"minecraft:picked_up":{"minecraft:raw_copper":5,"tacz:ammo":60,"minecraft:rotten_flesh":62,"tacz:modern_kinetic_gun":3,"minecraft:potato":1,"minecraft:sand":84,"zombie_extreme:baseball_bat":2,"minecraft:spruce_sapling":1,"minecraft:enchanted_golden_apple":64,"minecraft:spruce_log":1,"minecraft:carrot":1,"minecraft:coal":1,"minecraft:snowball":43,"minecraft:dirt":149,"minecraft:cobblestone":8},"minecraft:killed_by":{"minecraft:zombie":6,"minecraft:player":2},"minecraft:used":{"minecraft:rotten_flesh":8,"minecraft:carrot":2,"minecraft:enchanted_golden_apple":1,"minecraft:snowball":19,"zombie_extreme:baseball_bat":53},"minecraft:killed":{"minecraft:zombie":6},"minecraft:mined":{"minecraft:spruce_log":1,"minecraft:spruce_leaves":3},"minecraft:custom":{"minecraft:time_since_rest":1746,"minecraft:open_enderchest":6,"minecraft:crouch_one_cm":222,"minecraft:play_time":17196,"minecraft:sprint_one_cm":38476,"minecraft:walk_one_cm":75527,"minecraft:damage_taken":2326,"minecraft:deaths":8,"minecraft:sneak_time":130,"minecraft:walk_under_water_one_cm":820,"minecraft:mob_kills":6,"minecraft:jump":278,"minecraft:damage_dealt":614,"minecraft:time_since_death":1696,"minecraft:walk_on_water_one_cm":5471,"minecraft:climb_one_cm":3530,"minecraft:total_world_time":17196,"minecraft:fly_one_cm":57577,"minecraft:fall_one_cm":4028,"minecraft:open_chest":9}},"DataVersion":3465}