{"stats":{"minecraft:picked_up":{"minecraft:raw_copper":5,"tacz:ammo":60,"minecraft:rotten_flesh":9,"tacz:modern_kinetic_gun":2,"minecraft:sand":32,"minecraft:coal":1,"minecraft:snowball":3,"minecraft:dirt":113,"minecraft:cobblestone":8},"minecraft:killed_by":{"minecraft:zombie":2},"minecraft:used":{"minecraft:rotten_flesh":7,"minecraft:snowball":3},"minecraft:killed":{"minecraft:zombie":5},"minecraft:custom":{"minecraft:time_since_rest":3825,"minecraft:play_time":5196,"minecraft:sprint_one_cm":17170,"minecraft:walk_one_cm":39483,"minecraft:damage_taken":872,"minecraft:deaths":2,"minecraft:walk_under_water_one_cm":820,"minecraft:mob_kills":5,"minecraft:jump":90,"minecraft:damage_dealt":40,"minecraft:time_since_death":3795,"minecraft:walk_on_water_one_cm":5324,"minecraft:total_world_time":5196,"minecraft:fly_one_cm":21456,"minecraft:fall_one_cm":671}},"DataVersion":3465}