{"stats":{"minecraft:picked_up":{"zombie_extreme:syringe_drug":1,"minecraft:potato":1,"minecraft:sand":84,"zombie_extreme:swat_suit_helmet":1,"zombie_extreme:baseball_bat":2,"zombie_extreme:swat_suit_chestplate":1,"minecraft:spruce_sapling":1,"minecraft:spruce_log":1,"minecraft:carrot":1,"zombie_extreme:swat_suit_leggings":1,"minecraft:dirt":149,"minecraft:raw_copper":5,"zombie_extreme:chips":1,"tacz:ammo":60,"minecraft:rotten_flesh":62,"tacz:modern_kinetic_gun":3,"spore:mutated_fiber":6,"minecraft:enchanted_golden_apple":64,"zombie_extreme:swat_suit_boots":1,"minecraft:coal":1,"minecraft:snowball":43,"minecraft:cobblestone":8},"minecraft:dropped":{"zombie_extreme:baseball_bat":1,"minecraft:enchanted_golden_apple":15},"minecraft:killed_by":{"minecraft:player":2,"minecraft:zombie":6},"minecraft:used":{"zombie_extreme:baseball_bat":53,"minecraft:rotten_flesh":8,"minecraft:carrot":2,"minecraft:snowball":19,"minecraft:enchanted_golden_apple":5},"minecraft:killed":{"spore:inf_villager":1,"minecraft:zombie":8,"spore:inf_human":29},"minecraft:mined":{"minecraft:spruce_log":1,"minecraft:spruce_leaves":3},"minecraft:custom":{"minecraft:time_since_rest":13746,"minecraft:damage_absorbed":398,"minecraft:sprint_one_cm":64124,"minecraft:open_enderchest":6,"minecraft:damage_taken":2633,"minecraft:walk_one_cm":125717,"minecraft:mob_kills":38,"minecraft:drop":2,"minecraft:damage_dealt":632,"minecraft:fly_one_cm":80871,"minecraft:open_chest":11,"minecraft:crouch_one_cm":222,"minecraft:play_time":29196,"minecraft:deaths":8,"minecraft:sneak_time":130,"minecraft:walk_under_water_one_cm":820,"minecraft:jump":470,"minecraft:walk_on_water_one_cm":5471,"minecraft:time_since_death":13696,"minecraft:total_world_time":29196,"minecraft:climb_one_cm":11434,"minecraft:damage_resisted":177,"minecraft:fall_one_cm":8655}},"DataVersion":3465}