{"stats":{"minecraft:mined":{"minecraft:oak_slab":1,"minecraft:glass_pane":4,"minecraft:blue_stained_glass_pane":2,"minecraft:oak_door":1,"minecraft:jungle_leaves":1,"biomeswevegone:crocus":1,"minecraft:gray_stained_glass":3,"minecraft:glass":4,"minecraft:tall_grass":3,"minecraft:yellow_concrete_powder":1,"minecraft:oak_planks":1,"zombie_extreme:decomposing_backpack":2,"minecraft:peony":2,"minecraft:grass":9,"minecraft:cobweb":1,"minecraft:oak_leaves":5},"minecraft:custom":{"minecraft:interact_with_furnace":3,"minecraft:mob_kills":21,"minecraft:leave_game":1,"minecraft:time_since_death":780,"minecraft:climb_one_cm":15557,"minecraft:damage_resisted":160,"minecraft:time_since_rest":801,"minecraft:sprint_one_cm":99460,"minecraft:walk_one_cm":285831,"minecraft:damage_taken":6273,"minecraft:damage_absorbed":270,"minecraft:damage_dealt":716,"minecraft:swim_one_cm":6197,"minecraft:fly_one_cm":222134,"minecraft:open_chest":11,"minecraft:crouch_one_cm":230,"minecraft:play_time":54454,"minecraft:deaths":22,"minecraft:sneak_time":346,"minecraft:walk_under_water_one_cm":2771,"minecraft:aviate_one_cm":910284,"minecraft:jump":971,"minecraft:walk_on_water_one_cm":1839,"minecraft:total_world_time":54454,"minecraft:fall_one_cm":49493},"minecraft:killed_by":{"minecraft:player":1,"spore:busser":3,"minecraft:skeleton":1,"minecraft:creeper":1,"minecraft:spider":1,"minecraft:zombie":3,"zombie_extreme:runner":1,"spore:inf_human":2,"boh:jeff_the_killer":2,"zombie_extreme:revived":1,"zombie_extreme:goon":2},"minecraft:killed":{"spore:leaper":1,"minecraft:skeleton":2,"zombie_extreme:clicker":1,"minecraft:zombie":11,"spore:inf_human":1,"boh:jason_voorhees":1,"spore:inf_witch":1,"zombie_extreme:assasin_black_ops":2,"boh:jeff_the_killer":1},"minecraft:picked_up":{"spore:mutated_heart":1,"zombie_extreme:m_9_knife":5,"lrarmor:dea_armed_helmet":5,"minecraft:potato":18,"minecraft:stone_brick_wall":2,"zombie_extreme:decomposing_backpack":2,"zombie_extreme:crowbar":5,"minecraft:string":3,"spore:innards":1,"minecraft:elytra":7,"tacz:ammo":780,"minecraft:bone":5,"minecraft:wheat_seeds":1,"minecraft:enchanted_golden_apple":64,"lrarmor:dea_helmet":5,"minecraft:oak_planks":4,"minecraft:oak_slab":1,"minecraft:oak_door":1,"minecraft:torch":64,"minecraft:bowl":5,"boh:killer_knife":1,"zombie_extreme:dog_food":5,"lrarmor:dea_armed_chestplate":5,"minecraft:yellow_concrete_powder":1,"minecraft:firework_rocket":320,"minecraft:arrow":1,"minecraft:rotten_flesh":4,"biomeswevegone:crocus":1,"spore:r_elytron":1,"minecraft:peony":2,"tacz:modern_kinetic_gun":6,"lrarmor:dea_armed_boots":5,"minecraft:light_blue_carpet":4,"zombie_extreme:rotten_apple":6,"minecraft:bread":18,"spore:tendons":6,"minecraft:coal":2},"minecraft:crafted":{"minecraft:oak_button":1},"minecraft:used":{"minecraft:light_blue_carpet":1,"spore:r_elytron":1,"zombie_extreme:decomposing_backpack":2,"minecraft:elytra":6,"zombie_extreme:rotten_apple":1,"zombie_extreme:chips":1,"zombie_extreme:vodka":1,"minecraft:oak_door":1,"minecraft:torch":51,"zombie_extreme:crowbar":37,"lrarmor:dea_armed_helmet":3,"lrarmor:dea_armed_boots":4,"minecraft:firework_rocket":43,"minecraft:bread":1,"minecraft:oak_button":1,"lrarmor:dea_armed_chestplate":3,"zombie_extreme:baseball_bat":1,"minecraft:yellow_concrete_powder":1,"minecraft:stone_axe":1,"lrarmor:dea_helmet":3,"minecraft:enchanted_golden_apple":2}},"DataVersion":3465}