{"stats":{"minecraft:mined":{"minecraft:glass_pane":4,"minecraft:oak_door":1,"zombie_extreme:decomposing_backpack":2,"minecraft:oak_planks":1},"minecraft:custom":{"minecraft:time_since_rest":733,"minecraft:sprint_one_cm":26035,"minecraft:damage_taken":2060,"minecraft:walk_one_cm":96080,"minecraft:mob_kills":7,"minecraft:damage_dealt":233,"minecraft:fly_one_cm":42709,"minecraft:open_chest":5,"minecraft:crouch_one_cm":89,"minecraft:play_time":16510,"minecraft:deaths":7,"minecraft:sneak_time":325,"minecraft:jump":198,"minecraft:time_since_death":690,"minecraft:climb_one_cm":2855,"minecraft:total_world_time":16510,"minecraft:fall_one_cm":17973},"minecraft:killed_by":{"spore:busser":1,"minecraft:spider":1,"minecraft:zombie":3,"zombie_extreme:goon":1},"minecraft:killed":{"minecraft:skeleton":1,"minecraft:zombie":5,"zombie_extreme:assasin_black_ops":1},"minecraft:picked_up":{"zombie_extreme:m_9_knife":2,"lrarmor:dea_armed_helmet":3,"minecraft:oak_door":1,"minecraft:bowl":3,"minecraft:potato":2,"lrarmor:dea_armed_chestplate":3,"zombie_extreme:dog_food":3,"zombie_extreme:decomposing_backpack":2,"zombie_extreme:crowbar":3,"tacz:ammo":120,"minecraft:bone":1,"minecraft:rotten_flesh":1,"tacz:modern_kinetic_gun":4,"minecraft:light_blue_carpet":2,"lrarmor:dea_armed_boots":3,"zombie_extreme:rotten_apple":4,"lrarmor:dea_helmet":3,"minecraft:oak_planks":4},"minecraft:used":{"lrarmor:dea_armed_boots":3,"zombie_extreme:decomposing_backpack":2,"lrarmor:dea_armed_chestplate":3,"zombie_extreme:rotten_apple":1,"minecraft:stone_axe":1,"minecraft:oak_door":1,"lrarmor:dea_helmet":3,"zombie_extreme:crowbar":11,"lrarmor:dea_armed_helmet":3}},"DataVersion":3465}