{"stats":{"minecraft:picked_up":{"zombie_extreme:baseball_bat":1,"spore:mutated_fiber":2,"minecraft:enchanted_golden_apple":15},"minecraft:dropped":{"zombie_extreme:chips":1,"zombie_extreme:syringe_drug":1},"minecraft:used":{"zombie_extreme:canned_stew":1,"zombie_extreme:soda":1},"minecraft:mined":{"minecraft:grass":1,"biomeswevegone:pink_anemone":1,"minecraft:glass":2,"biomeswevegone:rose":1},"minecraft:custom":{"minecraft:open_chest":5,"minecraft:time_since_rest":6527,"minecraft:play_time":8122,"minecraft:sprint_one_cm":13630,"minecraft:walk_one_cm":25186,"minecraft:damage_taken":405,"minecraft:deaths":1,"minecraft:sneak_time":16,"minecraft:walk_under_water_one_cm":198,"minecraft:drop":2,"minecraft:jump":225,"minecraft:damage_dealt":10,"minecraft:time_since_death":6472,"minecraft:walk_on_water_one_cm":252,"minecraft:total_world_time":8122,"minecraft:climb_one_cm":1255,"minecraft:damage_dealt_absorbed":91,"minecraft:fall_one_cm":4928,"minecraft:fly_one_cm":71068}},"DataVersion":3465}