{"stats":{"minecraft:mined":{"minecraft:glass_pane":4,"minecraft:oak_door":1,"zombie_extreme:decomposing_backpack":2,"minecraft:jungle_leaves":1,"minecraft:gray_stained_glass":3,"minecraft:cobweb":1,"minecraft:glass":1,"minecraft:oak_planks":1,"minecraft:oak_leaves":1},"minecraft:custom":{"minecraft:time_since_rest":930,"minecraft:interact_with_furnace":3,"minecraft:sprint_one_cm":56637,"minecraft:damage_absorbed":270,"minecraft:damage_taken":3695,"minecraft:walk_one_cm":174011,"minecraft:mob_kills":21,"minecraft:damage_dealt":654,"minecraft:fly_one_cm":90827,"minecraft:open_chest":6,"minecraft:crouch_one_cm":230,"minecraft:play_time":28510,"minecraft:deaths":13,"minecraft:sneak_time":341,"minecraft:jump":394,"minecraft:walk_on_water_one_cm":597,"minecraft:time_since_death":839,"minecraft:damage_resisted":160,"minecraft:climb_one_cm":10220,"minecraft:total_world_time":28510,"minecraft:fall_one_cm":24557},"minecraft:killed_by":{"boh:jeff_the_killer":2,"spore:busser":3,"minecraft:spider":1,"minecraft:zombie":3,"zombie_extreme:goon":1,"spore:inf_human":2},"minecraft:killed":{"minecraft:skeleton":2,"zombie_extreme:clicker":1,"spore:inf_human":1,"minecraft:zombie":11,"boh:jason_voorhees":1,"spore:inf_witch":1,"spore:leaper":1,"zombie_extreme:assasin_black_ops":2,"boh:jeff_the_killer":1},"minecraft:picked_up":{"spore:mutated_heart":1,"zombie_extreme:m_9_knife":5,"lrarmor:dea_armed_helmet":5,"minecraft:oak_door":1,"boh:killer_knife":1,"minecraft:bowl":5,"minecraft:potato":18,"lrarmor:dea_armed_chestplate":5,"zombie_extreme:dog_food":5,"zombie_extreme:decomposing_backpack":2,"zombie_extreme:crowbar":5,"spore:innards":1,"minecraft:string":3,"minecraft:arrow":1,"tacz:ammo":780,"minecraft:bone":5,"minecraft:rotten_flesh":2,"tacz:modern_kinetic_gun":6,"minecraft:light_blue_carpet":4,"lrarmor:dea_armed_boots":5,"zombie_extreme:rotten_apple":6,"minecraft:bread":18,"minecraft:enchanted_golden_apple":64,"spore:tendons":6,"lrarmor:dea_helmet":5,"minecraft:oak_planks":4,"minecraft:coal":2},"minecraft:crafted":{"minecraft:oak_button":1},"minecraft:used":{"minecraft:light_blue_carpet":1,"lrarmor:dea_armed_boots":4,"minecraft:oak_button":1,"zombie_extreme:decomposing_backpack":2,"minecraft:bread":1,"lrarmor:dea_armed_chestplate":3,"zombie_extreme:rotten_apple":1,"minecraft:stone_axe":1,"minecraft:oak_door":1,"lrarmor:dea_helmet":3,"zombie_extreme:crowbar":37,"lrarmor:dea_armed_helmet":3,"minecraft:enchanted_golden_apple":2}},"DataVersion":3465}