{"stats":{"minecraft:picked_up":{"spore:mutated_heart":1,"spore:wing_membrane":2,"spore:armor_fragment":1,"zombie_extreme:baseball_bat":1,"minecraft:elytra":1,"spore:claw_fragment":2,"minecraft:firework_rocket":64,"minecraft:rotten_flesh":3,"spore:mutated_fiber":4,"minecraft:enchanted_golden_apple":118},"minecraft:dropped":{"zombie_extreme:chips":1,"zombie_extreme:syringe_drug":1},"minecraft:killed_by":{"minecraft:player":1,"minecraft:zombie":1},"minecraft:used":{"minecraft:firework_rocket":34,"zombie_extreme:swat_suit_leggings":1,"zombie_extreme:swat_suit_boots":1,"zombie_extreme:swat_suit_chestplate":1,"minecraft:iron_sword":9,"zombie_extreme:canned_stew":1,"zombie_extreme:swat_suit_helmet":1,"zombie_extreme:soda":1,"minecraft:enchanted_golden_apple":5},"minecraft:killed":{"spore:inf_villager":3,"minecraft:guardian":3,"minecraft:zombie":5,"spore:inf_human":16,"spore:braiomil":1,"spore:busser":3,"spore:inf_husk":1,"minecraft:phantom":2},"minecraft:mined":{"biomeswevegone:pink_anemone":1,"minecraft:glass_pane":2,"biomeswevegone:rose":1,"minecraft:gray_stained_glass_pane":2,"minecraft:grass":1,"minecraft:glass":2},"minecraft:custom":{"minecraft:time_since_rest":19392,"minecraft:sprint_one_cm":30121,"minecraft:damage_taken":1535,"minecraft:walk_one_cm":113241,"minecraft:damage_absorbed":586,"minecraft:mob_kills":34,"minecraft:drop":2,"minecraft:damage_dealt":263,"minecraft:damage_dealt_absorbed":91,"minecraft:swim_one_cm":8903,"minecraft:fly_one_cm":127410,"minecraft:open_chest":27,"minecraft:crouch_one_cm":127,"minecraft:play_time":31145,"minecraft:deaths":3,"minecraft:sneak_time":82,"minecraft:walk_under_water_one_cm":1560,"minecraft:aviate_one_cm":568949,"minecraft:jump":516,"minecraft:damage_dealt_resisted":207,"minecraft:leave_game":1,"minecraft:walk_on_water_one_cm":2474,"minecraft:time_since_death":19358,"minecraft:climb_one_cm":2133,"minecraft:total_world_time":31145,"minecraft:damage_resisted":218,"minecraft:fall_one_cm":11051}},"DataVersion":3465}