{"stats":{"minecraft:custom":{"minecraft:jump":93,"minecraft:time_since_rest":720,"minecraft:damage_dealt":99,"minecraft:deaths":3,"minecraft:sprint_one_cm":14592,"minecraft:play_time":4510,"minecraft:damage_taken":993,"minecraft:time_since_death":697,"minecraft:walk_one_cm":28471,"minecraft:total_world_time":4510,"minecraft:fall_one_cm":8391,"minecraft:fly_one_cm":21252},"minecraft:killed_by":{"zombie_extreme:goon":1,"minecraft:spider":1},"minecraft:used":{"minecraft:stone_axe":1}},"DataVersion":3465}