{"stats":{"minecraft:picked_up":{"minecraft:rotten_flesh":3,"zombie_extreme:baseball_bat":1,"spore:mutated_fiber":2,"minecraft:enchanted_golden_apple":118},"minecraft:dropped":{"zombie_extreme:chips":1,"zombie_extreme:syringe_drug":1},"minecraft:killed_by":{"minecraft:zombie":1,"minecraft:player":1},"minecraft:used":{"zombie_extreme:canned_stew":1,"zombie_extreme:swat_suit_helmet":1,"zombie_extreme:swat_suit_leggings":1,"zombie_extreme:soda":1,"zombie_extreme:swat_suit_boots":1,"zombie_extreme:swat_suit_chestplate":1,"minecraft:iron_sword":9},"minecraft:killed":{"minecraft:zombie":3,"spore:inf_human":6},"minecraft:mined":{"minecraft:grass":1,"biomeswevegone:pink_anemone":1,"minecraft:glass":2,"biomeswevegone:rose":1,"minecraft:gray_stained_glass_pane":2},"minecraft:custom":{"minecraft:open_chest":20,"minecraft:time_since_rest":8369,"minecraft:crouch_one_cm":71,"minecraft:play_time":20122,"minecraft:sprint_one_cm":24736,"minecraft:walk_one_cm":55021,"minecraft:damage_taken":1070,"minecraft:deaths":3,"minecraft:sneak_time":64,"minecraft:walk_under_water_one_cm":348,"minecraft:mob_kills":9,"minecraft:drop":2,"minecraft:damage_dealt_resisted":56,"minecraft:jump":405,"minecraft:damage_dealt":263,"minecraft:time_since_death":8335,"minecraft:walk_on_water_one_cm":671,"minecraft:total_world_time":20122,"minecraft:climb_one_cm":1591,"minecraft:swim_one_cm":1288,"minecraft:damage_dealt_absorbed":91,"minecraft:fall_one_cm":7026,"minecraft:fly_one_cm":118034}},"DataVersion":3465}