{"stats":{"minecraft:used":{"spore:infected_human_spawnegg":4,"minecraft:torch":13,"minecraft:villager_spawn_egg":4},"minecraft:killed":{"minecraft:zombie":1},"minecraft:custom":{"minecraft:open_chest":4,"minecraft:time_since_rest":17886,"minecraft:crouch_one_cm":121,"minecraft:leave_game":2,"minecraft:play_time":17886,"minecraft:sprint_one_cm":23715,"minecraft:time_since_death":17886,"minecraft:walk_on_water_one_cm":868,"minecraft:walk_one_cm":22723,"minecraft:sneak_time":71,"minecraft:total_world_time":17886,"minecraft:climb_one_cm":574,"minecraft:walk_under_water_one_cm":424,"minecraft:mob_kills":1,"minecraft:fly_one_cm":215969,"minecraft:jump":34}},"DataVersion":3465}