{"stats":{"minecraft:picked_up":{"minecraft:rotten_flesh":5},"minecraft:used":{"spore:infected_human_spawnegg":5,"minecraft:torch":22,"minecraft:villager_spawn_egg":13},"minecraft:killed":{"minecraft:zombie":6,"spore:inf_human":3},"minecraft:custom":{"minecraft:open_chest":4,"minecraft:time_since_rest":29886,"minecraft:crouch_one_cm":184,"minecraft:leave_game":2,"minecraft:play_time":29886,"minecraft:sprint_one_cm":39669,"minecraft:time_since_death":29886,"minecraft:walk_on_water_one_cm":868,"minecraft:walk_one_cm":39471,"minecraft:sneak_time":185,"minecraft:total_world_time":29886,"minecraft:climb_one_cm":574,"minecraft:walk_under_water_one_cm":424,"minecraft:mob_kills":9,"minecraft:fly_one_cm":288204,"minecraft:jump":76}},"DataVersion":3465}