{"stats":{"minecraft:custom":{"minecraft:jump":6,"minecraft:open_chest":2,"minecraft:time_since_rest":3870,"minecraft:crouch_one_cm":45,"minecraft:leave_game":1,"minecraft:play_time":3870,"minecraft:sprint_one_cm":3688,"minecraft:walk_on_water_one_cm":868,"minecraft:time_since_death":3870,"minecraft:walk_one_cm":3702,"minecraft:sneak_time":24,"minecraft:total_world_time":3870,"minecraft:walk_under_water_one_cm":424,"minecraft:mob_kills":1,"minecraft:fly_one_cm":38524},"minecraft:killed":{"minecraft:zombie":1}},"DataVersion":3465}