{"stats":{"minecraft:killed":{"spore:inf_pillager":2,"spore:inf_villager":3,"minecraft:skeleton":5,"zombie_extreme:crawler":2,"zombie_extreme:clicker":1,"zombie_extreme:devestated":1,"minecraft:zombie":5,"spore:inf_human":3,"minecraft:witch":1,"minecraft:spider":2,"spore:busser":1,"spore:knight":2,"minecraft:creeper":1,"minecraft:phantom":1},"minecraft:custom":{"minecraft:time_since_rest":52320,"minecraft:sprint_one_cm":89607,"minecraft:walk_one_cm":106357,"minecraft:mob_kills":31,"minecraft:damage_dealt":48,"minecraft:fly_one_cm":173390,"minecraft:open_chest":24,"minecraft:crouch_one_cm":207,"minecraft:play_time":52320,"minecraft:sneak_time":447,"minecraft:jump":91,"minecraft:leave_game":4,"minecraft:walk_on_water_one_cm":201,"minecraft:time_since_death":52320,"minecraft:climb_one_cm":172,"minecraft:total_world_time":52484},"minecraft:used":{"minecraft:oak_log":13,"minecraft:glass":143,"minecraft:lever":2,"minecraft:mangrove_door":2,"minecraft:villager_spawn_egg":9,"minecraft:spruce_wood":54,"minecraft:oak_stairs":14,"minecraft:oak_planks":14,"minecraft:stone_button":2,"minecraft:quartz_block":140,"tacz:gun_smith_table":7,"minecraft:chest":8,"minecraft:zombie_spawn_egg":5,"minecraft:iron_door":2,"minecraft:torch":6},"minecraft:picked_up":{"spore:wing_membrane":2,"spore:armor_fragment":1,"minecraft:stone_button":1,"minecraft:spider_eye":1,"spore:claw_fragment":1,"minecraft:bone":3,"minecraft:arrow":2,"minecraft:rotten_flesh":4,"minecraft:bow":1}},"DataVersion":3465}