{"stats":{"minecraft:picked_up":{"minecraft:rotten_flesh":5,"zombie_extreme:night_vision_glasses_helmet":2},"minecraft:dropped":{"zombie_extreme:night_vision_glasses_helmet":3},"minecraft:used":{"minecraft:torch":24,"spore:infected_human_spawnegg":5,"minecraft:villager_spawn_egg":13},"minecraft:killed":{"minecraft:zombie":6,"spore:inf_human":3},"minecraft:custom":{"minecraft:time_since_rest":37902,"minecraft:open_chest":6,"minecraft:crouch_one_cm":184,"minecraft:sprint_one_cm":41264,"minecraft:play_time":37902,"minecraft:walk_one_cm":44633,"minecraft:sneak_time":185,"minecraft:walk_under_water_one_cm":424,"minecraft:mob_kills":9,"minecraft:drop":3,"minecraft:jump":80,"minecraft:leave_game":3,"minecraft:walk_on_water_one_cm":868,"minecraft:time_since_death":37902,"minecraft:climb_one_cm":1014,"minecraft:total_world_time":37902,"minecraft:fly_one_cm":300433}},"DataVersion":3465}