{
  "biomeswevegone:biomeswevegone/root": {
    "criteria": {
      "tick": "2024-10-21 05:31:42 +0000"
    },
    "done": true
  },
  "travelersbackpack:recipes/misc/chicken_smithing": {
    "criteria": {
      "has_chicken": "2024-10-21 05:42:59 +0000"
    },
    "done": true
  },
  "minecraft:recipes/decorations/crafting_table": {
    "criteria": {
      "unlock_right_away": "2024-10-21 05:31:42 +0000"
    },
    "done": true
  },
  "biomeswevegone:biomeswevegone/adventure/oh_the_biomes_weve_gone": {
    "criteria": {
      "biomeswevegone:maple_taiga": "2024-10-21 05:40:00 +0000"
    },
    "done": false
  },
  "minecraft:adventure/kill_all_mobs": {
    "criteria": {
      "minecraft:phantom": "2024-10-21 05:41:27 +0000",
      "minecraft:zombie": "2024-10-21 05:32:35 +0000"
    },
    "done": false
  },
  "minecraft:adventure/root": {
    "criteria": {
      "killed_by_something": "2024-10-21 05:32:12 +0000"
    },
    "done": true
  },
  "biomeswevegone:biomeswevegone/adventure/root": {
    "criteria": {
      "biomeswevegone:maple_taiga": "2024-10-21 05:40:00 +0000"
    },
    "done": true
  },
  "betterdungeons:root": {
    "criteria": {
      "always": "2024-10-21 05:31:42 +0000"
    },
    "done": true
  },
  "minecraft:adventure/kill_a_mob": {
    "criteria": {
      "minecraft:zombie": "2024-10-21 05:32:35 +0000"
    },
    "done": true
  },
  "minecraft:adventure/adventuring_time": {
    "criteria": {
      "minecraft:frozen_river": "2024-10-21 05:35:22 +0000",
      "minecraft:snowy_plains": "2024-10-21 05:36:10 +0000",
      "minecraft:stony_shore": "2024-10-21 05:35:00 +0000",
      "minecraft:snowy_taiga": "2024-10-21 05:31:43 +0000",
      "minecraft:forest": "2024-10-21 05:40:41 +0000",
      "minecraft:frozen_ocean": "2024-10-21 05:34:58 +0000",
      "minecraft:snowy_beach": "2024-10-21 05:34:55 +0000",
      "minecraft:plains": "2024-10-21 05:36:19 +0000"
    },
    "done": false
  },
  "minecraft:recipes/misc/mojang_banner_pattern": {
    "criteria": {
      "has_enchanted_golden_apple": "2024-10-21 05:42:17 +0000"
    },
    "done": true
  },
  "DataVersion": 3465
}