{
  "biomeswevegone:biomeswevegone/root": {
    "criteria": {
      "tick": "2024-10-21 05:31:42 +0000"
    },
    "done": true
  },
  "minecraft:recipes/decorations/crafting_table": {
    "criteria": {
      "unlock_right_away": "2024-10-21 05:31:42 +0000"
    },
    "done": true
  },
  "minecraft:adventure/kill_all_mobs": {
    "criteria": {
      "minecraft:zombie": "2024-10-21 05:32:35 +0000"
    },
    "done": false
  },
  "minecraft:adventure/root": {
    "criteria": {
      "killed_by_something": "2024-10-21 05:32:12 +0000"
    },
    "done": true
  },
  "betterdungeons:root": {
    "criteria": {
      "always": "2024-10-21 05:31:42 +0000"
    },
    "done": true
  },
  "minecraft:adventure/kill_a_mob": {
    "criteria": {
      "minecraft:zombie": "2024-10-21 05:32:35 +0000"
    },
    "done": true
  },
  "minecraft:adventure/adventuring_time": {
    "criteria": {
      "minecraft:frozen_river": "2024-10-21 05:35:22 +0000",
      "minecraft:snowy_plains": "2024-10-21 05:36:10 +0000",
      "minecraft:stony_shore": "2024-10-21 05:35:00 +0000",
      "minecraft:snowy_taiga": "2024-10-21 05:31:43 +0000",
      "minecraft:frozen_ocean": "2024-10-21 05:34:58 +0000",
      "minecraft:snowy_beach": "2024-10-21 05:34:55 +0000",
      "minecraft:plains": "2024-10-21 05:36:19 +0000"
    },
    "done": false
  },
  "DataVersion": 3465
}