{
  "minecraft:recipes/decorations/crafting_table": {
    "criteria": {
      "unlock_right_away": "2024-10-22 22:04:21 +0000"
    },
    "done": true
  },
  "minecraft:adventure/adventuring_time": {
    "criteria": {
      "minecraft:birch_forest": "2024-10-22 22:04:48 +0000",
      "minecraft:river": "2024-10-22 22:04:47 +0000",
      "minecraft:old_growth_birch_forest": "2024-10-22 22:04:22 +0000",
      "minecraft:meadow": "2024-10-22 22:04:54 +0000"
    },
    "done": false
  },
  "biomeswevegone:biomeswevegone/root": {
    "criteria": {
      "tick": "2024-10-22 22:11:18 +0000"
    },
    "done": true
  },
  "minecraft:adventure/root": {
    "criteria": {
      "killed_something": "2024-10-22 22:12:52 +0000"
    },
    "done": true
  },
  "betterdungeons:root": {
    "criteria": {
      "always": "2024-10-22 22:11:18 +0000"
    },
    "done": true
  },
  "DataVersion": 3465
}